{
  "token_acc":0.9886229894,
  "token_p":0.9775019395,
  "token_r":0.9150326797,
  "token_f":0.9452363091,
  "lemma_acc":0.9541145241,
  "pos_acc":0.8857685009,
  "morph_acc":0.7925673113,
  "morph_micro_p":0.8626907074,
  "morph_micro_r":0.799143469,
  "morph_micro_f":0.8297020898,
  "morph_per_feat":{
    "Case":{
      "p":0.7890909091,
      "r":0.6420118343,
      "f":0.7079934747
    },
    "Gender":{
      "p":0.9278131635,
      "r":0.8792756539,
      "f":0.902892562
    },
    "Number":{
      "p":0.91507431,
      "r":0.8672032193,
      "f":0.8904958678
    },
    "PossSuffGen":{
      "p":0.8923076923,
      "r":0.7733333333,
      "f":0.8285714286
    },
    "PossSuffNum":{
      "p":0.9166666667,
      "r":0.8571428571,
      "f":0.8859060403
    },
    "PossSuffPer":{
      "p":0.9166666667,
      "r":0.8571428571,
      "f":0.8859060403
    },
    "Mood":{
      "p":0.8870967742,
      "r":0.8461538462,
      "f":0.8661417323
    },
    "Person":{
      "p":0.8169014085,
      "r":0.7682119205,
      "f":0.7918088737
    },
    "VerbForm":{
      "p":0.8415841584,
      "r":0.8018867925,
      "f":0.8212560386
    },
    "VerbStem":{
      "p":0.8125,
      "r":0.7938931298,
      "f":0.8030888031
    },
    "Tense":{
      "p":0.7356321839,
      "r":0.7272727273,
      "f":0.7314285714
    },
    "NounBase":{
      "p":0.6,
      "r":0.6,
      "f":0.6
    },
    "NounStem":{
      "p":0.8636363636,
      "r":0.7307692308,
      "f":0.7916666667
    },
    "Subordinative":{
      "p":0.3636363636,
      "r":0.5,
      "f":0.4210526316
    },
    "SubSuff":{
      "p":0.9090909091,
      "r":0.7692307692,
      "f":0.8333333333
    },
    "VerbSuffGen":{
      "p":0.8,
      "r":0.7058823529,
      "f":0.75
    },
    "VerbSuffNum":{
      "p":0.8,
      "r":0.7058823529,
      "f":0.75
    },
    "VerbSuffPer":{
      "p":0.8,
      "r":0.7058823529,
      "f":0.75
    },
    "Ventive":{
      "p":0.6333333333,
      "r":0.6785714286,
      "f":0.6551724138
    },
    "SubSuffix":{
      "p":1.0,
      "r":0.5,
      "f":0.6666666667
    },
    "Focus":{
      "p":1.0,
      "r":0.6666666667,
      "f":0.8
    },
    "Voice":{
      "p":0.0,
      "r":0.0,
      "f":0.0
    },
    "PrepSuffGen":{
      "p":1.0,
      "r":1.0,
      "f":1.0
    },
    "PrepSuffNum":{
      "p":1.0,
      "r":1.0,
      "f":1.0
    },
    "PrepSuffPer":{
      "p":1.0,
      "r":1.0,
      "f":1.0
    }
  },
  "tag_acc":0.533383915,
  "sents_p":0.7860026918,
  "sents_r":0.7200986436,
  "sents_f":0.7516087516,
  "dep_uas":0.7936984246,
  "dep_las":0.3248312078,
  "dep_las_per_type":{
    "case":{
      "p":0.925,
      "r":0.982300885,
      "f":0.9527896996
    },
    "root":{
      "p":0.1075418994,
      "r":0.7857142857,
      "f":0.1891891892
    },
    "appos":{
      "p":0.75,
      "r":0.8048780488,
      "f":0.7764705882
    },
    "nsubj":{
      "p":0.6612903226,
      "r":0.5694444444,
      "f":0.6119402985
    },
    "advmod":{
      "p":0.7666666667,
      "r":0.8518518519,
      "f":0.8070175439
    },
    "conj":{
      "p":0.4871794872,
      "r":0.4523809524,
      "f":0.4691358025
    },
    "obl":{
      "p":0.5357142857,
      "r":0.5769230769,
      "f":0.5555555556
    },
    "obj":{
      "p":0.4137931034,
      "r":0.3,
      "f":0.347826087
    },
    "_":{
      "p":0.0,
      "r":0.0,
      "f":0.0
    },
    "nmod":{
      "p":0.7169811321,
      "r":0.6031746032,
      "f":0.6551724138
    },
    "nmod:poss":{
      "p":0.3529411765,
      "r":0.8571428571,
      "f":0.5
    },
    "cc":{
      "p":0.7,
      "r":0.875,
      "f":0.7777777778
    },
    "advcl":{
      "p":0.0,
      "r":0.0,
      "f":0.0
    },
    "iobj":{
      "p":0.0,
      "r":0.0,
      "f":0.0
    },
    "mark":{
      "p":0.7142857143,
      "r":0.4545454545,
      "f":0.5555555556
    },
    "dislocated":{
      "p":1.0,
      "r":0.2,
      "f":0.3333333333
    },
    "amod":{
      "p":0.1666666667,
      "r":0.2,
      "f":0.1818181818
    },
    "acl":{
      "p":0.6,
      "r":0.6,
      "f":0.6
    },
    "det":{
      "p":0.5,
      "r":0.3333333333,
      "f":0.4
    },
    "discourse":{
      "p":0.7,
      "r":0.7,
      "f":0.7
    },
    "ccomp":{
      "p":0.6666666667,
      "r":0.3333333333,
      "f":0.4444444444
    },
    "nummod":{
      "p":1.0,
      "r":0.8181818182,
      "f":0.9
    },
    "dep":{
      "p":0.0,
      "r":0.0,
      "f":0.0
    },
    "parataxis":{
      "p":0.0,
      "r":0.0,
      "f":0.0
    },
    "cop":{
      "p":0.0,
      "r":0.0,
      "f":0.0
    },
    "fixed":{
      "p":0.0,
      "r":0.0,
      "f":0.0
    },
    "advmod:emph":{
      "p":0.0,
      "r":0.0,
      "f":0.0
    }
  },
  "speed":4636.1368291818
}