{
  "token_acc":0.9858669424,
  "token_p":0.9721278042,
  "token_r":0.9067850349,
  "token_f":0.93832021,
  "lemma_acc":0.9497838377,
  "pos_acc":0.8752079867,
  "morph_acc":0.7755237779,
  "morph_micro_p":0.8851447556,
  "morph_micro_r":0.6974569933,
  "morph_micro_f":0.7801715122,
  "morph_per_feat":{
    "Case":{
      "p":0.8160535117,
      "r":0.6224489796,
      "f":0.7062228654
    },
    "Gender":{
      "p":0.9342915811,
      "r":0.7996485062,
      "f":0.8617424242
    },
    "Number":{
      "p":0.9262295082,
      "r":0.7943760984,
      "f":0.8552507096
    },
    "Person":{
      "p":0.8606557377,
      "r":0.625,
      "f":0.724137931
    },
    "Mood":{
      "p":0.8673469388,
      "r":0.5821917808,
      "f":0.6967213115
    },
    "SubSuff":{
      "p":0.7,
      "r":0.4117647059,
      "f":0.5185185185
    },
    "Tense":{
      "p":0.765625,
      "r":0.5051546392,
      "f":0.6086956522
    },
    "Ventive":{
      "p":0.8125,
      "r":0.3823529412,
      "f":0.52
    },
    "VerbForm":{
      "p":0.8591549296,
      "r":0.5304347826,
      "f":0.6559139785
    },
    "VerbStem":{
      "p":0.8415841584,
      "r":0.5782312925,
      "f":0.685483871
    },
    "Focus":{
      "p":0.75,
      "r":0.5,
      "f":0.6
    },
    "NounStem":{
      "p":0.8064516129,
      "r":0.6944444444,
      "f":0.7462686567
    },
    "PossSuffGen":{
      "p":0.9342105263,
      "r":0.8352941176,
      "f":0.8819875776
    },
    "PossSuffNum":{
      "p":0.9493670886,
      "r":0.8522727273,
      "f":0.8982035928
    },
    "PossSuffPer":{
      "p":0.9367088608,
      "r":0.8409090909,
      "f":0.8862275449
    },
    "NounBase":{
      "p":0.6785714286,
      "r":0.5428571429,
      "f":0.6031746032
    },
    "VerbSuffGen":{
      "p":0.8461538462,
      "r":0.5238095238,
      "f":0.6470588235
    },
    "VerbSuffNum":{
      "p":0.8571428571,
      "r":0.5714285714,
      "f":0.6857142857
    },
    "VerbSuffPer":{
      "p":0.8571428571,
      "r":0.5714285714,
      "f":0.6857142857
    },
    "Subordinative":{
      "p":0.3333333333,
      "r":0.3,
      "f":0.3157894737
    },
    "SubSuffix":{
      "p":1.0,
      "r":0.5,
      "f":0.6666666667
    },
    "Voice":{
      "p":0.0,
      "r":0.0,
      "f":0.0
    },
    "PrepSuffGen":{
      "p":1.0,
      "r":1.0,
      "f":1.0
    },
    "PrepSuffNum":{
      "p":1.0,
      "r":1.0,
      "f":1.0
    },
    "PrepSuffPer":{
      "p":1.0,
      "r":1.0,
      "f":1.0
    }
  },
  "tag_acc":0.8562874251,
  "sents_p":0.7893491124,
  "sents_r":0.7210810811,
  "sents_f":0.7536723164,
  "dep_uas":0.7854330709,
  "dep_las":0.3228346457,
  "dep_las_per_type":{
    "_":{
      "p":0.0,
      "r":0.0,
      "f":0.0
    },
    "mark":{
      "p":0.75,
      "r":0.5,
      "f":0.6
    },
    "fixed":{
      "p":0.3333333333,
      "r":0.8,
      "f":0.4705882353
    },
    "nsubj":{
      "p":0.7205882353,
      "r":0.6049382716,
      "f":0.6577181208
    },
    "advcl":{
      "p":0.0,
      "r":0.0,
      "f":0.0
    },
    "obj":{
      "p":0.4615384615,
      "r":0.4,
      "f":0.4285714286
    },
    "conj":{
      "p":0.4081632653,
      "r":0.4081632653,
      "f":0.4081632653
    },
    "nmod":{
      "p":0.75,
      "r":0.6455696203,
      "f":0.693877551
    },
    "case":{
      "p":0.9097744361,
      "r":0.9379844961,
      "f":0.9236641221
    },
    "obl":{
      "p":0.5,
      "r":0.5084745763,
      "f":0.5042016807
    },
    "root":{
      "p":0.1049382716,
      "r":0.787037037,
      "f":0.1851851852
    },
    "iobj":{
      "p":0.25,
      "r":0.0714285714,
      "f":0.1111111111
    },
    "dislocated":{
      "p":1.0,
      "r":0.1666666667,
      "f":0.2857142857
    },
    "appos":{
      "p":0.880952381,
      "r":0.8409090909,
      "f":0.8604651163
    },
    "acl":{
      "p":0.6153846154,
      "r":0.6666666667,
      "f":0.64
    },
    "discourse":{
      "p":0.3333333333,
      "r":0.2857142857,
      "f":0.3076923077
    },
    "ccomp":{
      "p":0.2,
      "r":0.125,
      "f":0.1538461538
    },
    "advmod":{
      "p":0.7941176471,
      "r":0.7941176471,
      "f":0.7941176471
    },
    "amod":{
      "p":0.3333333333,
      "r":0.3333333333,
      "f":0.3333333333
    },
    "dep":{
      "p":0.0,
      "r":0.0,
      "f":0.0
    },
    "cc":{
      "p":0.75,
      "r":0.75,
      "f":0.75
    },
    "det":{
      "p":0.5454545455,
      "r":0.4,
      "f":0.4615384615
    },
    "nummod":{
      "p":0.8333333333,
      "r":0.9090909091,
      "f":0.8695652174
    },
    "nmod:poss":{
      "p":0.8333333333,
      "r":0.7142857143,
      "f":0.7692307692
    },
    "parataxis":{
      "p":0.0,
      "r":0.0,
      "f":0.0
    },
    "cop":{
      "p":0.0,
      "r":0.0,
      "f":0.0
    },
    "advmod:emph":{
      "p":0.0,
      "r":0.0,
      "f":0.0
    }
  },
  "speed":5114.0877362219
}